SourceYear,SchoolYear,Region,School_Short_Name,addresses,City,State,Zip ,County,Latitude,Longitude,JoinType,DriveTime_min,PercentToFullScale,PercentEntryLevelNeeded_AC,PercentEntryLevelNeeded_CP,PercentPoverty1x,PercentPoverty2x,PercentWin10min,PercentWin15min,Avg DriveTime,Median Drivetime,SD of Drivetime,SurroundingShoolsQuality
,,Austin,Health Professions,5816 WILCAB RD,AUSTIN,Texas,78721,Travis County,30.2740623,-97.6750269,intersect,15,0.029,0.016,0.008,0.069,0.033,0.41,0.81,13.62,11.87,7.31,
,,Austin,Health Professions,5816 WILCAB RD,AUSTIN,Texas,78721,Travis County,30.2740623,-97.6750269,intersect,10,0.071,0.034,0.02,0.157,0.072,0.41,0.81,13.62,11.87,7.31,
,,Austin,Health Professions,5816 WILCAB RD,AUSTIN,Texas,78721,Travis County,30.2740623,-97.6750269,inside,15,0.053,0.041,0.021,0.143,0.07,0.41,0.81,13.62,11.87,7.31,
,,Austin,Health Professions,5816 WILCAB RD,AUSTIN,Texas,78721,Travis County,30.2740623,-97.6750269,inside,10,0.482,0.596,0.256,2.286,1.058,0.41,0.81,13.62,11.87,7.31,
,,Austin,Bluff Springs,1700 E SLAUGHTER LN,AUSTIN,Texas,78747,Travis County,30.1539052,-97.77023,intersect,15,0.036,0.021,0.011,0.133,0.057,0.58,0.77,11.12,9,8.23,
,,Austin,Bluff Springs,1700 E SLAUGHTER LN,AUSTIN,Texas,78747,Travis County,30.1539052,-97.77023,intersect,10,0.088,0.044,0.023,0.284,0.112,0.58,0.77,11.12,9,8.23,
,,Austin,Bluff Springs,1700 E SLAUGHTER LN,AUSTIN,Texas,78747,Travis County,30.1539052,-97.77023,inside,15,0.069,0.052,0.025,0.293,0.121,0.58,0.77,11.12,9,8.23,
,,Austin,Bluff Springs,1700 E SLAUGHTER LN,AUSTIN,Texas,78747,Travis County,30.1539052,-97.77023,inside,10,0.216,0.133,0.078,1.693,0.431,0.58,0.77,11.12,9,8.23,
,,Austin,Del Valle ,7325 MCKINNEY FALLS PARKWAY,AUSTIN,Texas,78744,Travis County,30.1613983,-97.7276988,intersect,15,0.039,0.024,0.012,0.127,0.054,0,0,0,0,0,
,,Austin,Del Valle ,7325 MCKINNEY FALLS PARKWAY,AUSTIN,Texas,78744,Travis County,30.1613983,-97.7276988,intersect,10,0.091,0.062,0.03,0.364,0.141,0,0,0,0,0,
,,Austin,Del Valle ,7325 MCKINNEY FALLS PARKWAY,AUSTIN,Texas,78744,Travis County,30.1613983,-97.7276988,inside,15,0.082,0.062,0.031,0.355,0.142,0,0,0,0,0,
,,Austin,Del Valle ,7325 MCKINNEY FALLS PARKWAY,AUSTIN,Texas,78744,Travis County,30.1613983,-97.7276988,inside,10,0.284,0.308,0.118,1.431,0.586,0,0,0,0,0,
,,Austin,Kyle,640 PHILOMENA DR,KYLE,Texas,78640,Hays County,29.9972024,-97.8685806,intersect,15,0.054,0.043,0.016,0.256,0.091,0.63,0.83,12.15,10.5,8.1,
,,Austin,Kyle,640 PHILOMENA DR,KYLE,Texas,78640,Hays County,29.9972024,-97.8685806,intersect,10,0.08,0.06,0.026,0.404,0.135,0.63,0.83,12.15,10.5,8.1,
,,Austin,Kyle,640 PHILOMENA DR,KYLE,Texas,78640,Hays County,29.9972024,-97.8685806,inside,15,0.099,0.124,0.048,0.803,0.278,0.63,0.83,12.15,10.5,8.1,
,,Austin,Kyle,640 PHILOMENA DR,KYLE,Texas,78640,Hays County,29.9972024,-97.8685806,inside,10,0.255,0.439,0.193,3.88,0.886,0.63,0.83,12.15,10.5,8.1,
,,Austin,Montopolis,1701 VARGAS RD,AUSTIN,Texas,78741,Travis County,30.2261345,-97.7011771,intersect,15,0.027,0.015,0.007,0.073,0.033,0.43,0.75,12.34,11.58,8.63,
,,Austin,Montopolis,1701 VARGAS RD,AUSTIN,Texas,78741,Travis County,30.2261345,-97.7011771,intersect,10,0.079,0.042,0.021,0.161,0.082,0.43,0.75,12.34,11.58,8.63,
,,Austin,Montopolis,1701 VARGAS RD,AUSTIN,Texas,78741,Travis County,30.2261345,-97.7011771,inside,15,0.068,0.053,0.027,0.183,0.101,0.43,0.75,12.34,11.58,8.63,
,,Austin,Montopolis,1701 VARGAS RD,AUSTIN,Texas,78741,Travis County,30.2261345,-97.7011771,inside,10,0.249,0.242,0.133,0.714,0.357,0.43,0.75,12.34,11.58,8.63,
,,Austin,Parmer Park,1438 E YAGER LN,AUSTIN,Texas,78753,Travis County,30.3892426,-97.6554771,intersect,15,0.025,0.015,0.007,0.086,0.038,0.53,0.84,11.95,10.55,7.4,
,,Austin,Parmer Park,1438 E YAGER LN,AUSTIN,Texas,78753,Travis County,30.3892426,-97.6554771,intersect,10,0.06,0.036,0.018,0.22,0.091,0.53,0.84,11.95,10.55,7.4,
,,Austin,Parmer Park,1438 E YAGER LN,AUSTIN,Texas,78753,Travis County,30.3892426,-97.6554771,inside,15,0.042,0.032,0.016,0.145,0.066,0.53,0.84,11.95,10.55,7.4,
,,Austin,Parmer Park,1438 E YAGER LN,AUSTIN,Texas,78753,Travis County,30.3892426,-97.6554771,inside,10,0.149,0.167,0.063,1.299,0.323,0.53,0.84,11.95,10.55,7.4,
,,Austin,Pflugerville,1901 E WELLS BRANCH PKWY,PFLUGERVILLE,Texas,78660,Travis County,30.4245297,-97.6294066,intersect,15,0.024,0.015,0.006,0.122,0.049,0.62,0.82,11.48,9.14,7.25,
,,Austin,Pflugerville,1901 E WELLS BRANCH PKWY,PFLUGERVILLE,Texas,78660,Travis County,30.4245297,-97.6294066,intersect,10,0.06,0.037,0.017,0.31,0.119,0.62,0.82,11.48,9.14,7.25,
,,Austin,Pflugerville,1901 E WELLS BRANCH PKWY,PFLUGERVILLE,Texas,78660,Travis County,30.4245297,-97.6294066,inside,15,0.046,0.041,0.016,0.299,0.116,0.62,0.82,11.48,9.14,7.25,
,,Austin,Pflugerville,1901 E WELLS BRANCH PKWY,PFLUGERVILLE,Texas,78660,Travis County,30.4245297,-97.6294066,inside,10,0.109,0.098,0.037,0.591,0.264,0.62,0.82,11.48,9.14,7.25,
,,Austin,Round Rock Tech ,3301 GREENLAWN BLVD,ROUND ROCK,Texas,78664,Williamson County,30.4790193,-97.6630665,intersect,15,0.014,0.009,0.004,0.088,0.037,0.51,0.8,13.24,11.93,7.12,
,,Austin,Round Rock Tech ,3301 GREENLAWN BLVD,ROUND ROCK,Texas,78664,Williamson County,30.4790193,-97.6630665,intersect,10,0.036,0.02,0.008,0.253,0.1,0.51,0.8,13.24,11.93,7.12,
,,Austin,Round Rock Tech ,3301 GREENLAWN BLVD,ROUND ROCK,Texas,78664,Williamson County,30.4790193,-97.6630665,inside,15,0.027,0.024,0.009,0.268,0.103,0.51,0.8,13.24,11.93,7.12,
,,Austin,Round Rock Tech ,3301 GREENLAWN BLVD,ROUND ROCK,Texas,78664,Williamson County,30.4790193,-97.6630665,inside,10,0.13,0.127,0.06,1.025,0.421,0.51,0.8,13.24,11.93,7.12,
,,Austin,Rundberg,9504 N IH 35,AUSTIN,Texas,78753,Travis County,30.3609633,-97.6899991,intersect,15,0.02,0.012,0.006,0.073,0.032,0.63,0.81,10.74,9.12,7.28,
,,Austin,Rundberg,9504 N IH 35,AUSTIN,Texas,78753,Travis County,30.3609633,-97.6899991,intersect,10,0.041,0.023,0.012,0.112,0.053,0.63,0.81,10.74,9.12,7.28,
,,Austin,Rundberg,9504 N IH 35,AUSTIN,Texas,78753,Travis County,30.3609633,-97.6899991,inside,15,0.031,0.024,0.012,0.117,0.054,0.63,0.81,10.74,9.12,7.28,
,,Austin,Rundberg,9504 N IH 35,AUSTIN,Texas,78753,Travis County,30.3609633,-97.6899991,inside,10,0.085,0.071,0.032,0.22,0.102,0.63,0.81,10.74,9.12,7.28,
,,Cincinnati,Homer,4324 Homer Ave,Cincinnati,Ohio,45227,Hamilton County,39.152272,-84.3874,intersect,15,0.045,0.045,0.012,0.219,0.108,,,,,,
,,Cincinnati,Homer,4324 Homer Ave,Cincinnati,Ohio,45227,Hamilton County,39.152272,-84.3874,intersect,10,0.126,0.115,0.029,0.66,0.336,,,,,,
,,Cincinnati,Homer,4324 Homer Ave,Cincinnati,Ohio,45227,Hamilton County,39.152272,-84.3874,inside,15,0.094,0.139,0.033,0.898,0.416,,,,,,
,,Cincinnati,Homer,4324 Homer Ave,Cincinnati,Ohio,45227,Hamilton County,39.152272,-84.3874,inside,10,0.363,0.611,0.147,3.181,1.79,,,,,,
,,Cincinnati,Pippin,9454 Pippin Rd,Cincinnati,Ohio,45231,Hamilton County,39.240745,-84.575689,intersect,15,0.036,0.039,0.01,0.089,0.047,,,,,,
,,Cincinnati,Pippin,9454 Pippin Rd,Cincinnati,Ohio,45231,Hamilton County,39.240745,-84.575689,intersect,10,0.067,0.086,0.019,0.207,0.101,,,,,,
,,Cincinnati,Pippin,9454 Pippin Rd,Cincinnati,Ohio,45231,Hamilton County,39.240745,-84.575689,inside,15,0.062,0.107,0.024,0.254,0.124,,,,,,
,,Cincinnati,Pippin,9454 Pippin Rd,Cincinnati,Ohio,45231,Hamilton County,39.240745,-84.575689,inside,10,0.125,0.284,0.047,0.604,0.27,,,,,,
,,Cincinnati,Price Hill,2700 Glenway Ave,Cincinnati,Ohio,45204,Hamilton County,39.11227,-84.5549,intersect,15,0.056,0.074,0.032,0.114,0.063,0.395,0.9,8.08,7.53,4.73,
,,Cincinnati,Price Hill,2700 Glenway Ave,Cincinnati,Ohio,45204,Hamilton County,39.11227,-84.5549,intersect,10,0.142,0.181,0.082,0.203,0.124,0.395,0.9,8.08,7.53,4.73,
,,Cincinnati,Price Hill,2700 Glenway Ave,Cincinnati,Ohio,45204,Hamilton County,39.11227,-84.5549,inside,15,0.094,0.149,0.072,0.182,0.11,0.395,0.9,8.08,7.53,4.73,
,,Cincinnati,Price Hill,2700 Glenway Ave,Cincinnati,Ohio,45204,Hamilton County,39.11227,-84.5549,inside,10,0.298,0.723,0.22,0.43,0.308,0.395,0.9,8.08,7.53,4.73,
,,Cincinnati,Valley View,1011 GLENDALE MILFORD RD,Cincinnati,Ohio,45215,Hamilton County,39.25589,-84.457207,intersect,15,0.029,0.017,0.007,0.088,0.047,0.39,0.66,11.62,11.29,5.41,
,,Cincinnati,Valley View,1011 GLENDALE MILFORD RD,Cincinnati,Ohio,45215,Hamilton County,39.25589,-84.457207,intersect,10,0.098,0.049,0.021,0.212,0.121,0.39,0.66,11.62,11.29,5.41,
,,Cincinnati,Valley View,1011 GLENDALE MILFORD RD,Cincinnati,Ohio,45215,Hamilton County,39.25589,-84.457207,inside,15,0.081,0.084,0.037,0.379,0.23,0.39,0.66,11.62,11.29,5.41,
,,Cincinnati,Valley View,1011 GLENDALE MILFORD RD,Cincinnati,Ohio,45215,Hamilton County,39.25589,-84.457207,inside,10,0.434,0.456,0.172,0.943,0.798,0.39,0.66,11.62,11.29,5.41,
,,El Paso,Edgemere,15101 EDGEMERE BLVD,EL PASO,Texas,79938,El Paso County,30.4563589,-97.6541979,intersect,15,0.043,0.032,0.01,0.158,0.057,0.45,0.81,11.54,9.97,7.54,
,,El Paso,Edgemere,15101 EDGEMERE BLVD,EL PASO,Texas,79938,El Paso County,30.4563589,-97.6541979,intersect,10,0.069,0.057,0.018,0.291,0.093,0.45,0.81,11.54,9.97,7.54,
,,El Paso,Edgemere,15101 EDGEMERE BLVD,EL PASO,Texas,79938,El Paso County,30.4563589,-97.6541979,inside,15,0.075,0.084,0.023,0.54,0.154,0.45,0.81,11.54,9.97,7.54,
,,El Paso,Edgemere,15101 EDGEMERE BLVD,EL PASO,Texas,79938,El Paso County,30.4563589,-97.6541979,inside,10,0.178,0.626,0.096,1.661,0.766,0.45,0.81,11.54,9.97,7.54,
,,El Paso,Horizon Vista ,201 HORIZON CROSSING ST,HORIZON CITY,Texas,79928,El Paso County,31.6790732,-106.2096834,intersect,15,0.052,0.042,0.013,0.158,0.057,0.36,0.49,10.91,9.26,7.45,
,,El Paso,Horizon Vista ,201 HORIZON CROSSING ST,HORIZON CITY,Texas,79928,El Paso County,31.6790732,-106.2096834,intersect,10,0.091,0.079,0.022,0.291,0.093,0.36,0.49,10.91,9.26,7.45,
,,El Paso,Horizon Vista ,201 HORIZON CROSSING ST,HORIZON CITY,Texas,79928,El Paso County,31.6790732,-106.2096834,inside,15,0.124,0.167,0.049,0.54,0.154,0.36,0.49,10.91,9.26,7.45,
,,El Paso,Horizon Vista ,201 HORIZON CROSSING ST,HORIZON CITY,Texas,79928,El Paso County,31.6790732,-106.2096834,inside,10,0.346,0.594,0.199,1.661,0.766,0.36,0.49,10.91,9.26,7.45,
,,El Paso,Johannsen,5980 Johannsen Rd,EL PASO,Texas,79932,El Paso County,31.871858,-106.588446,intersect,15,0.057,0.051,0.017,0.237,0.108,,,,,,
,,El Paso,Johannsen,5980 Johannsen Rd,EL PASO,Texas,79932,El Paso County,31.871858,-106.588446,intersect,10,0.078,0.063,0.021,0.292,0.125,,,,,,
,,El Paso,Johannsen,5980 Johannsen Rd,EL PASO,Texas,79932,El Paso County,31.871858,-106.588446,inside,15,0.086,0.095,0.036,0.445,0.199,,,,,,
,,El Paso,Johannsen,5980 Johannsen Rd,EL PASO,Texas,79932,El Paso County,31.871858,-106.588446,inside,10,0.158,0.247,0.069,1.776,0.739,,,,,,
,,El Paso,Mesa Hills,405 WALLENBERG,EL PASO,Texas,79912,El Paso County,31.817009,-106.5264911,intersect,15,0.06,0.052,0.016,0.185,0.093,0.45,0.64,10.26,8.52,6.69,
,,El Paso,Mesa Hills,405 WALLENBERG,EL PASO,Texas,79912,El Paso County,31.817009,-106.5264911,intersect,10,0.127,0.108,0.036,0.444,0.184,0.45,0.64,10.26,8.52,6.69,
,,El Paso,Mesa Hills,405 WALLENBERG,EL PASO,Texas,79912,El Paso County,31.817009,-106.5264911,inside,15,0.109,0.112,0.043,0.493,0.205,0.45,0.64,10.26,8.52,6.69,
,,El Paso,Mesa Hills,405 WALLENBERG,EL PASO,Texas,79912,El Paso County,31.817009,-106.5264911,inside,10,0.316,0.352,0.185,1.175,0.43,0.45,0.64,10.26,8.52,6.69,
,,El Paso,Mesquite Hills ,11881 DYER ST,EL PASO,Texas,79934,El Paso County,31.9540678,-106.3644402,intersect,15,0.068,0.067,0.02,0.185,0.085,0.59,0.79,10.38,8.22,7.47,
,,El Paso,Mesquite Hills ,11881 DYER ST,EL PASO,Texas,79934,El Paso County,31.9540678,-106.3644402,intersect,10,0.104,0.101,0.028,0.311,0.134,0.59,0.79,10.38,8.22,7.47,
,,El Paso,Mesquite Hills ,11881 DYER ST,EL PASO,Texas,79934,El Paso County,31.9540678,-106.3644402,inside,15,0.103,0.145,0.037,0.339,0.174,0.59,0.79,10.38,8.22,7.47,
,,El Paso,Mesquite Hills ,11881 DYER ST,EL PASO,Texas,79934,El Paso County,31.9540678,-106.3644402,inside,10,0.37,0.536,0.15,1.677,0.695,0.59,0.79,10.38,8.22,7.47,
,,El Paso,Mission Trail,9050 ESCOBAR DR,EL PASO,Texas,79907,El Paso County,31.7137252,-106.310993,intersect,15,0.018,0.015,0.005,0.045,0.021,,,,,,
,,El Paso,Mission Trail,9050 ESCOBAR DR,EL PASO,Texas,79907,El Paso County,31.7137252,-106.310993,intersect,10,0.04,0.034,0.009,0.086,0.042,,,,,,
,,El Paso,Mission Trail,9050 ESCOBAR DR,EL PASO,Texas,79907,El Paso County,31.7137252,-106.310993,inside,15,0.029,0.039,0.009,0.107,0.048,,,,,,
,,El Paso,Mission Trail,9050 ESCOBAR DR,EL PASO,Texas,79907,El Paso County,31.7137252,-106.310993,inside,10,0.092,0.17,0.03,0.414,0.192,,,,,,
,,El Paso,Rio Vista,210 N RIO VISTA RD,EL PASO,Texas,79927,El Paso County,31.6556734,-106.2895418,intersect,15,0.033,0.031,0.007,0.037,0.078,0.49,0.7,10.75,9.6,7,
,,El Paso,Rio Vista,210 N RIO VISTA RD,EL PASO,Texas,79927,El Paso County,31.6556734,-106.2895418,intersect,10,0.079,0.061,0.018,0.075,0.143,0.49,0.7,10.75,9.6,7,
,,El Paso,Rio Vista,210 N RIO VISTA RD,EL PASO,Texas,79927,El Paso County,31.6556734,-106.2895418,inside,15,0.085,0.159,0.035,0.184,0.381,0.49,0.7,10.75,9.6,7,
,,El Paso,Rio Vista,210 N RIO VISTA RD,EL PASO,Texas,79927,El Paso County,31.6556734,-106.2895418,inside,10,0.302,0.374,0.142,0.614,1.758,0.49,0.7,10.75,9.6,7,
,,Greater Houston Area,Aldine,21423 ALDINE WESTFIELD RD,Humble,Texas,77338,Harris County,30.023604,-95.383201,intersect,15,0.021,0.015,0.006,0.06,0.028,,,,,,
,,Greater Houston Area,Aldine,21423 ALDINE WESTFIELD RD,Humble,Texas,77338,Harris County,30.023604,-95.383201,intersect,10,0.048,0.037,0.012,0.161,0.068,,,,,,
,,Greater Houston Area,Aldine,21423 ALDINE WESTFIELD RD,Humble,Texas,77338,Harris County,30.023604,-95.383201,inside,15,0.048,0.05,0.018,0.193,0.083,,,,,,
,,Greater Houston Area,Aldine,21423 ALDINE WESTFIELD RD,Humble,Texas,77338,Harris County,30.023604,-95.383201,inside,10,0.13,0.159,0.047,0.801,0.257,,,,,,
,,Greater Houston Area,Beltway 8,N Sam Houston Pkwy E,Humble,Texas,77396,Harris County,29.9410613,-95.2852186,intersect,15,0.015,0.012,0.004,0.034,0.017,,,,,,
,,Greater Houston Area,Beltway 8,N Sam Houston Pkwy E,Humble,Texas,77396,Harris County,29.9410613,-95.2852186,intersect,10,0.042,0.035,0.012,0.101,0.054,,,,,,
,,Greater Houston Area,Beltway 8,N Sam Houston Pkwy E,Humble,Texas,77396,Harris County,29.9410613,-95.2852186,inside,15,0.035,0.043,0.016,0.105,0.057,,,,,,
,,Greater Houston Area,Beltway 8,N Sam Houston Pkwy E,Humble,Texas,77396,Harris County,29.9410613,-95.2852186,inside,10,0.201,0.385,0.089,0.69,0.405,,,,,,
,,Greater Houston Area,Hardy,1930 Little York RD,Houston,Texas,77093,Harris County,29.86989,-95.35498,intersect,15,0.015,0.013,0.004,0.029,0.015,0.55,0.81,9.79,8.85,5.8,
,,Greater Houston Area,Hardy,1930 Little York RD,Houston,Texas,77093,Harris County,29.86989,-95.35498,intersect,10,0.033,0.028,0.009,0.053,0.029,0.55,0.81,9.79,8.85,5.8,
,,Greater Houston Area,Hardy,1930 Little York RD,Houston,Texas,77093,Harris County,29.86989,-95.35498,inside,15,0.026,0.029,0.01,0.053,0.03,0.55,0.81,9.79,8.85,5.8,
,,Greater Houston Area,Hardy,1930 Little York RD,Houston,Texas,77093,Harris County,29.86989,-95.35498,inside,10,0.095,0.127,0.037,0.223,0.129,0.55,0.81,9.79,8.85,5.8,
,,Greater Houston Area,Lake Houston,5627 S LAKE HOUSTON PARKWAY,Houston,Texas,77049,Harris County,29.81422,-95.21094,intersect,15,0.018,0.017,0.005,0.039,0.02,0.62,0.83,9.56,9.08,5.02,
,,Greater Houston Area,Lake Houston,5627 S LAKE HOUSTON PARKWAY,Houston,Texas,77049,Harris County,29.81422,-95.21094,intersect,10,0.048,0.036,0.011,0.092,0.044,0.62,0.83,9.56,9.08,5.02,
,,Greater Houston Area,Lake Houston,5627 S LAKE HOUSTON PARKWAY,Houston,Texas,77049,Harris County,29.81422,-95.21094,inside,15,0.035,0.043,0.013,0.113,0.052,0.62,0.83,9.56,9.08,5.02,
,,Greater Houston Area,Lake Houston,5627 S LAKE HOUSTON PARKWAY,Houston,Texas,77049,Harris County,29.81422,-95.21094,inside,10,0.219,0.247,0.089,0.653,0.286,0.62,0.83,9.56,9.08,5.02,
,,Greater Houston Area,Spears,2010 SPEARS RD,Houston,Texas,77067,Harris County,29.965529,-95.449173,intersect,15,0.015,0.012,0.004,0.035,0.017,0.36,0.76,10.62,9.88,5.72,
,,Greater Houston Area,Spears,2010 SPEARS RD,Houston,Texas,77067,Harris County,29.965529,-95.449173,intersect,10,0.035,0.028,0.01,0.074,0.035,0.36,0.76,10.62,9.88,5.72,
,,Greater Houston Area,Spears,2010 SPEARS RD,Houston,Texas,77067,Harris County,29.965529,-95.449173,inside,15,0.026,0.027,0.009,0.07,0.033,0.36,0.76,10.62,9.88,5.72,
,,Greater Houston Area,Spears,2010 SPEARS RD,Houston,Texas,77067,Harris County,29.965529,-95.449173,inside,10,0.065,0.093,0.022,0.178,0.089,0.36,0.76,10.62,9.88,5.72,
,,Jacksonville,Bassett,1845 Bassett Rd,Jacksonville,Florida,32208,Duval County,30.4129796,-81.6888649,intersect,15,0.047,0.028,0.012,0.096,0.048,0.48,0.8,11.98,10.95,6.02,
,,Jacksonville,Bassett,1845 Bassett Rd,Jacksonville,Florida,32208,Duval County,30.4129796,-81.6888649,intersect,10,0.071,0.045,0.021,0.15,0.075,0.48,0.8,11.98,10.95,6.02,
,,Jacksonville,Bassett,1845 Bassett Rd,Jacksonville,Florida,32208,Duval County,30.4129796,-81.6888649,inside,15,0.075,0.061,0.027,0.194,0.096,0.48,0.8,11.98,10.95,6.02,
,,Jacksonville,Bassett,1845 Bassett Rd,Jacksonville,Florida,32208,Duval County,30.4129796,-81.6888649,inside,10,0.16,0.152,0.081,0.709,0.332,0.48,0.8,11.98,10.95,6.02,
,,Jacksonville,Compass,4949 Blanding Blvd,Jacksonville,Florida,32210,Duval County,30.25365,-81.74162,intersect,15,0.043,0.026,0.013,0.118,0.057,,,,,,
,,Jacksonville,Compass,4949 Blanding Blvd,Jacksonville,Florida,32210,Duval County,30.25365,-81.74162,intersect,10,0.07,0.042,0.021,0.198,0.089,,,,,,
,,Jacksonville,Compass,4949 Blanding Blvd,Jacksonville,Florida,32210,Duval County,30.25365,-81.74162,inside,15,0.072,0.062,0.027,0.246,0.111,,,,,,
,,Jacksonville,Compass,4949 Blanding Blvd,Jacksonville,Florida,32210,Duval County,30.25365,-81.74162,inside,10,0.155,0.172,0.078,0.629,0.296,,,,,,
,,Jacksonville,Lane,1254 LANE AVE S,Jacksonville,Florida,32205,Duval County,30.3007425,-81.7524646,intersect,15,0.027,0.016,0.008,0.066,0.032,,,,,,
,,Jacksonville,Lane,1254 LANE AVE S,Jacksonville,Florida,32205,Duval County,30.3007425,-81.7524646,intersect,10,0.057,0.035,0.017,0.154,0.075,,,,,,
,,Jacksonville,Lane,1254 LANE AVE S,Jacksonville,Florida,32205,Duval County,30.3007425,-81.7524646,inside,15,0.05,0.047,0.021,0.179,0.085,,,,,,
,,Jacksonville,Lane,1254 LANE AVE S,Jacksonville,Florida,32205,Duval County,30.3007425,-81.7524646,inside,10,0.137,0.116,0.057,0.478,0.223,,,,,,
,,Jacksonville,River Bluff,2354 University Blvd N,Jacksonville,Florida,32211,Duval County,30.3472286,-81.6098839,intersect,15,0.047,0.027,0.013,0.096,0.049,0.4,0.69,11.66,9.35,7.9,
,,Jacksonville,River Bluff,2354 University Blvd N,Jacksonville,Florida,32211,Duval County,30.3472286,-81.6098839,intersect,10,0.111,0.067,0.029,0.266,0.124,0.4,0.69,11.66,9.35,7.9,
,,Jacksonville,River Bluff,2354 University Blvd N,Jacksonville,Florida,32211,Duval County,30.3472286,-81.6098839,inside,15,0.089,0.083,0.035,0.338,0.153,0.4,0.69,11.66,9.35,7.9,
,,Jacksonville,River Bluff,2354 University Blvd N,Jacksonville,Florida,32211,Duval County,30.3472286,-81.6098839,inside,10,0.35,0.549,0.19,1.768,0.715,0.4,0.69,11.66,9.35,7.9,
,,Permian Basin,Bush Center,5800 Briarwood Ave,Midland,Texas,79707,Midland County,32.0243451,-102.1720807,intersect,15,0.051,0.031,0.017,0.256,0.122,,,,,,
,,Permian Basin,Bush Center,5800 Briarwood Ave,Midland,Texas,79707,Midland County,32.0243451,-102.1720807,intersect,10,0.08,0.042,0.025,0.546,0.257,,,,,,
,,Permian Basin,Bush Center,5800 Briarwood Ave,Midland,Texas,79707,Midland County,32.0243451,-102.1720807,inside,15,0.074,0.052,0.029,0.604,0.259,,,,,,
,,Permian Basin,Bush Center,5800 Briarwood Ave,Midland,Texas,79707,Midland County,32.0243451,-102.1720807,inside,10,0.162,0.135,0.083,1.835,0.82,,,,,,
,,Permian Basin,IDEA Fairfield,1400 N Tilden St.,Midland,Texas,79701,Midland County,32.0191279,-102.0633532,intersect,15,0.048,0.03,0.016,0.247,0.119,,,,,,
,,Permian Basin,IDEA Fairfield,1400 N Tilden St.,Midland,Texas,79701,Midland County,32.0191279,-102.0633532,intersect,10,0.084,0.043,0.021,0.303,0.154,,,,,,
,,Permian Basin,IDEA Fairfield,1400 N Tilden St.,Midland,Texas,79701,Midland County,32.0191279,-102.0633532,inside,15,0.068,0.048,0.025,0.376,0.156,,,,,,
,,Permian Basin,IDEA Fairfield,1400 N Tilden St.,Midland,Texas,79701,Midland County,32.0191279,-102.0633532,inside,10,0.191,0.137,0.071,0.713,0.321,,,,,,
,,Permian Basin,Travis,900 E Gist Ave,Midland,Texas,79701,Midland County,31.98069977,-102.0632629,intersect,15,0.05,0.029,0.016,0.246,0.119,0.71,0.91,9.12,8.52,5.45,
,,Permian Basin,Travis,900 E Gist Ave,Midland,Texas,79701,Midland County,31.98069977,-102.0632629,intersect,10,0.096,0.046,0.023,0.292,0.154,0.71,0.91,9.12,8.52,5.45,
,,Permian Basin,Travis,900 E Gist Ave,Midland,Texas,79701,Midland County,31.98069977,-102.0632629,inside,15,0.086,0.062,0.03,0.451,0.181,0.71,0.91,9.12,8.52,5.45,
,,Permian Basin,Travis,900 E Gist Ave,Midland,Texas,79701,Midland County,31.98069977,-102.0632629,inside,10,0.235,0.172,0.122,0.673,0.312,0.71,0.91,9.12,8.52,5.45,
,,Permian Basin,Yukon,7300 E Yukon Rd,Odessa,Texas,79765,Ector County,31.9407915,-102.2993042,intersect,15,0.076,0.04,0.022,0.361,0.166,0.36,0.71,12.06,11.82,7.09,
,,Permian Basin,Yukon,7300 E Yukon Rd,Odessa,Texas,79765,Ector County,31.9407915,-102.2993042,intersect,10,0.187,0.071,0.044,0.627,0.37,0.36,0.71,12.06,11.82,7.09,
,,Permian Basin,Yukon,7300 E Yukon Rd,Odessa,Texas,79765,Ector County,31.9407915,-102.2993042,inside,15,0.13,0.1,0.052,0.489,0.279,0.36,0.71,12.06,11.82,7.09,
,,Permian Basin,Yukon,7300 E Yukon Rd,Odessa,Texas,79765,Ector County,31.9407915,-102.2993042,inside,10,4.061,,,,,0.36,0.71,12.06,11.82,7.09,
,,Permian Basin,Zeneta,3401 W. 5th Street ,Odessa,Texas,79763,Ector County,31.8339134,-102.4054584,intersect,15,0.047,0.03,0.014,0.187,0.083,,,,,,
,,Permian Basin,Zeneta,3401 W. 5th Street ,Odessa,Texas,79763,Ector County,31.8339134,-102.4054584,intersect,10,0.08,0.045,0.021,0.317,0.124,,,,,,
,,Permian Basin,Zeneta,3401 W. 5th Street ,Odessa,Texas,79763,Ector County,31.8339134,-102.4054584,inside,15,0.076,0.061,0.024,0.308,0.138,,,,,,
,,Permian Basin,Zeneta,3401 W. 5th Street ,Odessa,Texas,79763,Ector County,31.8339134,-102.4054584,inside,10,0.186,0.175,0.066,0.837,0.492,,,,,,
,,Rio Grande Valley,Alamo,325 E FM 495,Alamo,Texas,78516,Hidalgo County,26.200032,-98.101975,intersect,15,0.022,0.018,0.006,0.037,0.022,0.7,0.89,10.81,9.95,5.27,
,,Rio Grande Valley,Alamo,325 E FM 495,Alamo,Texas,78516,Hidalgo County,26.200032,-98.101975,intersect,10,0.043,0.031,0.01,0.062,0.037,0.7,0.89,10.81,9.95,5.27,
,,Rio Grande Valley,Alamo,325 E FM 495,Alamo,Texas,78516,Hidalgo County,26.200032,-98.101975,inside,15,0.037,0.045,0.013,0.084,0.051,0.7,0.89,10.81,9.95,5.27,
,,Rio Grande Valley,Alamo,325 E FM 495,Alamo,Texas,78516,Hidalgo County,26.200032,-98.101975,inside,10,0.12,0.177,0.055,0.411,0.219,0.7,0.89,10.81,9.95,5.27,
,,Rio Grande Valley,Brownsville,4395 Paredes Line Rd,Brownsville,Texas,78526,Cameron County,25.972685,-97.484815,intersect,15,0.04,0.034,0.012,0.084,0.049,0.46,0.77,10.66,10.28,6.43,
,,Rio Grande Valley,Brownsville,4395 Paredes Line Rd,Brownsville,Texas,78526,Cameron County,25.972685,-97.484815,intersect,10,0.078,0.061,0.022,0.191,0.1,0.46,0.77,10.66,10.28,6.43,
,,Rio Grande Valley,Brownsville,4395 Paredes Line Rd,Brownsville,Texas,78526,Cameron County,25.972685,-97.484815,inside,15,0.066,0.066,0.025,0.194,0.107,0.46,0.77,10.66,10.28,6.43,
,,Rio Grande Valley,Brownsville,4395 Paredes Line Rd,Brownsville,Texas,78526,Cameron County,25.972685,-97.484815,inside,10,0.233,0.231,0.082,0.754,0.38,0.46,0.77,10.66,10.28,6.43,
,,Rio Grande Valley,Donna,401 S 1st St,Donna,Texas,78537,Hidalgo County,26.167798,-98.064036,intersect,15,0.035,0.031,0.009,0.06,0.035,0.55,0.8,12.68,11.58,6.28,
,,Rio Grande Valley,Donna,401 S 1st St,Donna,Texas,78537,Hidalgo County,26.167798,-98.064036,intersect,10,0.071,0.054,0.018,0.105,0.063,0.55,0.8,12.68,11.58,6.28,
,,Rio Grande Valley,Donna,401 S 1st St,Donna,Texas,78537,Hidalgo County,26.167798,-98.064036,inside,15,0.076,0.117,0.033,0.253,0.141,0.55,0.8,12.68,11.58,6.28,
,,Rio Grande Valley,Donna,401 S 1st St,Donna,Texas,78537,Hidalgo County,26.167798,-98.064036,inside,10,0.267,0.383,0.101,0.646,0.438,0.55,0.8,12.68,11.58,6.28,
,,Rio Grande Valley,Edinburg,2553 N Roegiers Rd,Edinburg,Texas,78541,Hidalgo County,26.328347,-98.149875,intersect,15,0.027,0.02,0.007,0.046,0.027,0.48,0.82,12.95,11.95,5.48,
,,Rio Grande Valley,Edinburg,2553 N Roegiers Rd,Edinburg,Texas,78541,Hidalgo County,26.328347,-98.149875,intersect,10,0.053,0.033,0.012,0.08,0.047,0.48,0.82,12.95,11.95,5.48,
,,Rio Grande Valley,Edinburg,2553 N Roegiers Rd,Edinburg,Texas,78541,Hidalgo County,26.328347,-98.149875,inside,15,0.047,0.058,0.019,0.148,0.084,0.48,0.82,12.95,11.95,5.48,
,,Rio Grande Valley,Edinburg,2553 N Roegiers Rd,Edinburg,Texas,78541,Hidalgo County,26.328347,-98.149875,inside,10,0.161,0.188,0.078,0.603,0.296,0.48,0.82,12.95,11.95,5.48,
,,Rio Grande Valley,Elsa,411 S Fannin,Elsa,Texas,78543,Hidalgo County,26.287332,-97.988256,intersect,15,0.039,0.025,0.011,0.059,0.035,0.38,0.74,11.29,10.18,6.39,
,,Rio Grande Valley,Elsa,411 S Fannin,Elsa,Texas,78543,Hidalgo County,26.287332,-97.988256,intersect,10,0.083,0.044,0.019,0.104,0.061,0.38,0.74,11.29,10.18,6.39,
,,Rio Grande Valley,Elsa,411 S Fannin,Elsa,Texas,78543,Hidalgo County,26.287332,-97.988256,inside,15,0.096,0.101,0.048,0.246,0.135,0.38,0.74,11.29,10.18,6.39,
,,Rio Grande Valley,Elsa,411 S Fannin,Elsa,Texas,78543,Hidalgo County,26.287332,-97.988256,inside,10,0.413,0.325,0.237,1.083,0.433,0.38,0.74,11.29,10.18,6.39,
,,Rio Grande Valley,Frontier,2800 S Dakota Ave,Brownsville,Texas,78521,Cameron County,25.885274,-97.423962,intersect,15,0.069,0.056,0.02,0.107,0.065,0.57,0.73,10.01,7.97,7.3,
,,Rio Grande Valley,Frontier,2800 S Dakota Ave,Brownsville,Texas,78521,Cameron County,25.885274,-97.423962,intersect,10,0.118,0.094,0.034,0.178,0.106,0.57,0.73,10.01,7.97,7.3,
,,Rio Grande Valley,Frontier,2800 S Dakota Ave,Brownsville,Texas,78521,Cameron County,25.885274,-97.423962,inside,15,0.102,0.107,0.034,0.187,0.112,0.57,0.73,10.01,7.97,7.3,
,,Rio Grande Valley,Frontier,2800 S Dakota Ave,Brownsville,Texas,78521,Cameron County,25.885274,-97.423962,inside,10,0.262,0.387,0.102,0.72,0.406,0.57,0.73,10.01,7.97,7.3,
,,Rio Grande Valley,Harlingen,24240 Chester Park Rd,Harlingen,Texas,78552,Cameron County,26.202923,-97.733386,intersect,15,0.045,0.033,0.013,0.089,0.05,0.54,0.81,11.76,10.45,7.15,
,,Rio Grande Valley,Harlingen,24240 Chester Park Rd,Harlingen,Texas,78552,Cameron County,26.202923,-97.733386,intersect,10,0.066,0.045,0.018,0.12,0.073,0.54,0.81,11.76,10.45,7.15,
,,Rio Grande Valley,Harlingen,24240 Chester Park Rd,Harlingen,Texas,78552,Cameron County,26.202923,-97.733386,inside,15,0.066,0.06,0.023,0.14,0.088,0.54,0.81,11.76,10.45,7.15,
,,Rio Grande Valley,Harlingen,24240 Chester Park Rd,Harlingen,Texas,78552,Cameron County,26.202923,-97.733386,inside,10,0.15,0.145,0.053,0.395,0.237,0.54,0.81,11.76,10.45,7.15,
,,Rio Grande Valley,La Joya,725 E. Expressway 83,La Joya,Texas,78560,Hidalgo Coutny,26.246084,-98.468018,intersect,15,0.06,0.05,0.014,0.088,0.054,0.31,0.85,13.07,13.25,6.56,
,,Rio Grande Valley,La Joya,725 E. Expressway 83,La Joya,Texas,78560,Hidalgo Coutny,26.246084,-98.468018,intersect,10,0.163,0.137,0.038,0.226,0.147,0.31,0.85,13.07,13.25,6.56,
,,Rio Grande Valley,La Joya,725 E. Expressway 83,La Joya,Texas,78560,Hidalgo Coutny,26.246084,-98.468018,inside,15,0.176,0.201,0.072,0.36,0.233,0.31,0.85,13.07,13.25,6.56,
,,Rio Grande Valley,La Joya,725 E. Expressway 83,La Joya,Texas,78560,Hidalgo Coutny,26.246084,-98.468018,inside,10,1.373,1.091,0.734,2.296,1.379,0.31,0.85,13.07,13.25,6.56,
,,Rio Grande Valley,Los Encinos,5400 S Ware Rd,McAllen,Texas,78503,Hidalgo Coutny,26.255312,-98.252916,intersect,15,0.024,0.02,0.006,0.045,0.025,0.44,0.74,12.95,12.57,8.43,
,,Rio Grande Valley,Los Encinos,5400 S Ware Rd,McAllen,Texas,78503,Hidalgo Coutny,26.255312,-98.252916,intersect,10,0.07,0.057,0.017,0.13,0.069,0.44,0.74,12.95,12.57,8.43,
,,Rio Grande Valley,Los Encinos,5400 S Ware Rd,McAllen,Texas,78503,Hidalgo Coutny,26.255312,-98.252916,inside,15,0.045,0.064,0.016,0.134,0.07,0.44,0.74,12.95,12.57,8.43,
,,Rio Grande Valley,Los Encinos,5400 S Ware Rd,McAllen,Texas,78503,Hidalgo Coutny,26.255312,-98.252916,inside,10,0.153,0.24,0.072,0.475,0.269,0.44,0.74,12.95,12.57,8.43,
,,Rio Grande Valley,McAllen,201 N Bentsen Rd,McAllen,Texas,78501,Hidalgo Coutny,26.210497,-98.271356,intersect,15,0.019,0.017,0.005,0.04,0.022,0.63,0.84,12.64,11.32,7.05,
,,Rio Grande Valley,McAllen,201 N Bentsen Rd,McAllen,Texas,78501,Hidalgo Coutny,26.210497,-98.271356,intersect,10,0.037,0.033,0.009,0.077,0.041,0.63,0.84,12.64,11.32,7.05,
,,Rio Grande Valley,McAllen,201 N Bentsen Rd,McAllen,Texas,78501,Hidalgo Coutny,26.210497,-98.271356,inside,15,0.031,0.035,0.01,0.084,0.045,0.63,0.84,12.64,11.32,7.05,
,,Rio Grande Valley,McAllen,201 N Bentsen Rd,McAllen,Texas,78501,Hidalgo Coutny,26.210497,-98.271356,inside,10,0.068,0.101,0.026,0.223,0.11,0.63,0.84,12.64,11.32,7.05,
,,Rio Grande Valley,Mission,1600 S Schuerbach Rd,Mission,Texas,78572,Hidalgo Coutny,26.196574,-98.366027,intersect,15,0.038,0.033,0.01,0.074,0.041,0.54,0.79,13.33,11.68,8.43,
,,Rio Grande Valley,Mission,1600 S Schuerbach Rd,Mission,Texas,78572,Hidalgo Coutny,26.196574,-98.366027,intersect,10,0.08,0.056,0.016,0.134,0.072,0.54,0.79,13.33,11.68,8.43,
,,Rio Grande Valley,Mission,1600 S Schuerbach Rd,Mission,Texas,78572,Hidalgo Coutny,26.196574,-98.366027,inside,15,0.074,0.087,0.023,0.211,0.111,0.54,0.79,13.33,11.68,8.43,
,,Rio Grande Valley,Mission,1600 S Schuerbach Rd,Mission,Texas,78572,Hidalgo Coutny,26.196574,-98.366027,inside,10,0.328,0.435,0.104,0.729,0.484,0.54,0.79,13.33,11.68,8.43,
,,Rio Grande Valley,North Mission,2706 N. Holland Ave.,Mission,Texas,78572,Hidalgo Coutny,26.233836,-98.330696,intersect,15,0.028,0.026,0.008,0.059,0.033,0.58,0.85,12.23,10.6,7.49,
,,Rio Grande Valley,North Mission,2706 N. Holland Ave.,Mission,Texas,78572,Hidalgo Coutny,26.233836,-98.330696,intersect,10,0.06,0.049,0.014,0.111,0.061,0.58,0.85,12.23,10.6,7.49,
,,Rio Grande Valley,North Mission,2706 N. Holland Ave.,Mission,Texas,78572,Hidalgo Coutny,26.233836,-98.330696,inside,15,0.05,0.058,0.017,0.135,0.075,0.58,0.85,12.23,10.6,7.49,
,,Rio Grande Valley,North Mission,2706 N. Holland Ave.,Mission,Texas,78572,Hidalgo Coutny,26.233836,-98.330696,inside,10,0.128,0.13,0.052,0.343,0.219,0.58,0.85,12.23,10.6,7.49,
,,Rio Grande Valley,Owassa,1000 E Owassa Rd,Pharr,Texas,78577,Hidalgo Coutny,26.245597,-98.163681,intersect,15,0.019,0.016,0.005,0.035,0.021,0.54,0.79,10.88,9.88,6.76,
,,Rio Grande Valley,Owassa,1000 E Owassa Rd,Pharr,Texas,78577,Hidalgo Coutny,26.245597,-98.163681,intersect,10,0.045,0.035,0.011,0.073,0.045,0.54,0.79,10.88,9.88,6.76,
,,Rio Grande Valley,Owassa,1000 E Owassa Rd,Pharr,Texas,78577,Hidalgo Coutny,26.245597,-98.163681,inside,15,0.035,0.039,0.013,0.091,0.055,0.54,0.79,10.88,9.88,6.76,
,,Rio Grande Valley,Owassa,1000 E Owassa Rd,Pharr,Texas,78577,Hidalgo Coutny,26.245597,-98.163681,inside,10,0.099,0.395,0.071,0.668,0.334,0.54,0.79,10.88,9.88,6.76,
,,Rio Grande Valley,Palmview,4100 N Schuerbach Rd,Mission,Texas,78572,Hidalgo Coutny,26.260391,-98.352897,intersect,15,0.027,0.025,0.007,0.049,0.029,0.55,0.89,10.23,9.48,5.95,
,,Rio Grande Valley,Palmview,4100 N Schuerbach Rd,Mission,Texas,78572,Hidalgo Coutny,26.260391,-98.352897,intersect,10,0.057,0.044,0.014,0.092,0.055,0.55,0.89,10.23,9.48,5.95,
,,Rio Grande Valley,Palmview,4100 N Schuerbach Rd,Mission,Texas,78572,Hidalgo Coutny,26.260391,-98.352897,inside,15,0.053,0.054,0.018,0.113,0.07,0.55,0.89,10.23,9.48,5.95,
,,Rio Grande Valley,Palmview,4100 N Schuerbach Rd,Mission,Texas,78572,Hidalgo Coutny,26.260391,-98.352897,inside,10,0.127,0.164,0.055,0.4,0.232,0.55,0.89,10.23,9.48,5.95,
,,Rio Grande Valley,Pharr,600 E Las Milpas Rd,Pharr,Texas,78577,Hidalgo Coutny,26.113395,-98.192445,intersect,15,0.057,0.049,0.016,0.103,0.063,0.55,0.73,13.86,10.24,9.17,
,,Rio Grande Valley,Pharr,600 E Las Milpas Rd,Pharr,Texas,78577,Hidalgo Coutny,26.113395,-98.192445,intersect,10,0.117,0.099,0.026,0.229,0.126,0.55,0.73,13.86,10.24,9.17,
,,Rio Grande Valley,Pharr,600 E Las Milpas Rd,Pharr,Texas,78577,Hidalgo Coutny,26.113395,-98.192445,inside,15,0.097,0.129,0.042,0.343,0.187,0.55,0.73,13.86,10.24,9.17,
,,Rio Grande Valley,Pharr,600 E Las Milpas Rd,Pharr,Texas,78577,Hidalgo Coutny,26.113395,-98.192445,inside,10,0.288,0.391,0.173,1.385,0.543,0.55,0.73,13.86,10.24,9.17,
,,Rio Grande Valley,Quest,14001 N Rooth Rd,Edinburg,Texas,78541,Hidalgo Coutny,26.332448,-98.231428,intersect,15,0.033,0.029,0.009,0.068,0.037,0.38,0.71,14.26,13.15,7.64,
,,Rio Grande Valley,Quest,14001 N Rooth Rd,Edinburg,Texas,78541,Hidalgo Coutny,26.332448,-98.231428,intersect,10,0.066,0.056,0.016,0.152,0.076,0.38,0.71,14.26,13.15,7.64,
,,Rio Grande Valley,Quest,14001 N Rooth Rd,Edinburg,Texas,78541,Hidalgo Coutny,26.332448,-98.231428,inside,15,0.065,0.076,0.023,0.253,0.118,0.38,0.71,14.26,13.15,7.64,
,,Rio Grande Valley,Quest,14001 N Rooth Rd,Edinburg,Texas,78541,Hidalgo Coutny,26.332448,-98.231428,inside,10,0.206,0.256,0.084,1.033,0.457,0.38,0.71,14.26,13.15,7.64,
,,Rio Grande Valley,Rio Grande City,2803 W MONARCH LN,Rio Grande City,Texas,78582,Starr County,26.499887,-98.752428,intersect,15,0.198,0.15,0.061,0.313,0.185,0.37,0.51,15.58,14.1,11.1,
,,Rio Grande Valley,Rio Grande City,2803 W MONARCH LN,Rio Grande City,Texas,78582,Starr County,26.499887,-98.752428,intersect,10,0.311,0.208,0.082,0.45,0.277,0.37,0.51,15.58,14.1,11.1,
,,Rio Grande Valley,Rio Grande City,2803 W MONARCH LN,Rio Grande City,Texas,78582,Starr County,26.499887,-98.752428,inside,15,0.732,0.779,0.795,3.101,1.502,0.37,0.51,15.58,14.1,11.1,
,,Rio Grande Valley,Rio Grande City,2803 W MONARCH LN,Rio Grande City,Texas,78582,Starr County,26.499887,-98.752428,inside,10,1.105,0.779,0.795,3.101,1.502,0.37,0.51,15.58,14.1,11.1,
,,Rio Grande Valley,Riverview,30 PALM BLVD,Brownsville,Texas,78520,Cameron County,25.906191,-97.510039,intersect,15,0.059,0.049,0.016,0.115,0.066,0.24,0.63,14.76,14.82,7.04,
,,Rio Grande Valley,Riverview,30 PALM BLVD,Brownsville,Texas,78520,Cameron County,25.906191,-97.510039,intersect,10,0.172,0.132,0.045,0.237,0.152,0.24,0.63,14.76,14.82,7.04,
,,Rio Grande Valley,Riverview,30 PALM BLVD,Brownsville,Texas,78520,Cameron County,25.906191,-97.510039,inside,15,0.138,0.16,0.059,0.276,0.191,0.24,0.63,14.76,14.82,7.04,
,,Rio Grande Valley,Riverview,30 PALM BLVD,Brownsville,Texas,78520,Cameron County,25.906191,-97.510039,inside,10,0.482,0.872,0.215,1.237,0.851,0.24,0.63,14.76,14.82,7.04,
,,Rio Grande Valley,Robindale,3802 E Ruben Torress Sr Blv,Brownsville,Texas,78521,Cameron County,25.94816,-97.455657,intersect,15,0.034,0.03,0.01,0.069,0.04,0.6,0.85,10.55,9.12,7.03,
,,Rio Grande Valley,Robindale,3802 E Ruben Torress Sr Blv,Brownsville,Texas,78521,Cameron County,25.94816,-97.455657,intersect,10,0.06,0.043,0.016,0.105,0.06,0.6,0.85,10.55,9.12,7.03,
,,Rio Grande Valley,Robindale,3802 E Ruben Torress Sr Blv,Brownsville,Texas,78521,Cameron County,25.94816,-97.455657,inside,15,0.05,0.053,0.018,0.116,0.07,0.6,0.85,10.55,9.12,7.03,
,,Rio Grande Valley,Robindale,3802 E Ruben Torress Sr Blv,Brownsville,Texas,78521,Cameron County,25.94816,-97.455657,inside,10,0.097,0.117,0.047,0.291,0.165,0.6,0.85,10.55,9.12,7.03,
,,Rio Grande Valley,San Benito,2151 Russell Lane,San Benito,Texas,78586,Cameron County,26.159511,-97.642758,intersect,15,0.042,0.033,0.013,0.086,0.05,0.41,0.69,13.19,12.27,6.08,
,,Rio Grande Valley,San Benito,2151 Russell Lane,San Benito,Texas,78586,Cameron County,26.159511,-97.642758,intersect,10,0.085,0.045,0.018,0.148,0.085,0.41,0.69,13.19,12.27,6.08,
,,Rio Grande Valley,San Benito,2151 Russell Lane,San Benito,Texas,78586,Cameron County,26.159511,-97.642758,inside,15,0.073,0.062,0.027,0.145,0.092,0.41,0.69,13.19,12.27,6.08,
,,Rio Grande Valley,San Benito,2151 Russell Lane,San Benito,Texas,78586,Cameron County,26.159511,-97.642758,inside,10,0.227,0.209,0.09,0.501,0.319,0.41,0.69,13.19,12.27,6.08,
,,Rio Grande Valley,San Juan,600 E Sioux Rd,San Juan,Texas,78589,Hidalgo County,26.214546,-98.141962,inside,15,0.011,,0.006,0.019,0.012,0.7,0.92,11.37,10.8,6.18,
,,Rio Grande Valley,San Juan,600 E Sioux Rd,San Juan,Texas,78589,Hidalgo County,26.214546,-98.141962,inside,15,0.022,,0.011,0.035,0.022,0.7,0.92,11.37,10.8,6.18,
,,Rio Grande Valley,San Juan,600 E Sioux Rd,San Juan,Texas,78589,Hidalgo County,26.214546,-98.141962,inside,10,0.018,,0.015,0.049,0.03,0.7,0.92,11.37,10.8,6.18,
,,Rio Grande Valley,San Juan,600 E Sioux Rd,San Juan,Texas,78589,Hidalgo County,26.214546,-98.141962,inside,10,0.05,,0.049,0.151,0.09,0.7,0.92,11.37,10.8,6.18,
,,Rio Grande Valley,Sports Park,6650 Old Alice Rd.,Brownsville,Texas,78526,Cameron County,25.929738,-97.498481,intersect,15,0.037,0.031,0.01,0.075,0.042,0.15,0.8,14.52,13.73,7.16,
,,Rio Grande Valley,Sports Park,6650 Old Alice Rd.,Brownsville,Texas,78526,Cameron County,25.929738,-97.498481,intersect,10,0.1,0.077,0.024,0.232,0.113,0.15,0.8,14.52,13.73,7.16,
,,Rio Grande Valley,Sports Park,6650 Old Alice Rd.,Brownsville,Texas,78526,Cameron County,25.929738,-97.498481,inside,15,0.098,0.114,0.039,0.34,0.185,0.15,0.8,14.52,13.73,7.16,
,,Rio Grande Valley,Sports Park,6650 Old Alice Rd.,Brownsville,Texas,78526,Cameron County,25.929738,-97.498481,inside,10,1.339,0,0,0,0,0.15,0.8,14.52,13.73,7.16,
,,Rio Grande Valley,Toros,3300 E Texas Rd,Edinburg,Texas,78542,Hidalgo County,26.284493,-98.12409,intersect,15,0.027,0,0.019,0.009,0.005,0.22,0.39,19.29,18.42,10.41,
,,Rio Grande Valley,Toros,3300 E Texas Rd,Edinburg,Texas,78542,Hidalgo County,26.284493,-98.12409,intersect,10,0.053,0,0.037,0.019,0.011,0.22,0.39,19.29,18.42,10.41,
,,Rio Grande Valley,Toros,3300 E Texas Rd,Edinburg,Texas,78542,Hidalgo County,26.284493,-98.12409,inside,15,0.047,0,0.066,0.037,0.02,0.22,0.39,19.29,18.42,10.41,
,,Rio Grande Valley,Toros,3300 E Texas Rd,Edinburg,Texas,78542,Hidalgo County,26.284493,-98.12409,inside,10,0.161,0,0.372,0.199,0.113,0.22,0.39,19.29,18.42,10.41,
,,Rio Grande Valley,Tres Lagos,5200 Tres Lagos Boulevard,Mcallen,Texas,78504,Hidalgo County,26.343607,-98.256435,intersect,15,0.038,0.034,0.009,0.072,0.041,0.33,0.71,14.43,12.73,7.91,
,,Rio Grande Valley,Tres Lagos,5200 Tres Lagos Boulevard,Mcallen,Texas,78504,Hidalgo County,26.343607,-98.256435,intersect,10,0.082,0.074,0.02,0.17,0.09,0.33,0.71,14.43,12.73,7.91,
,,Rio Grande Valley,Tres Lagos,5200 Tres Lagos Boulevard,Mcallen,Texas,78504,Hidalgo County,26.343607,-98.256435,inside,15,0.072,0.083,0.026,0.287,0.13,0.33,0.71,14.43,12.73,7.91,
,,Rio Grande Valley,Tres Lagos,5200 Tres Lagos Boulevard,Mcallen,Texas,78504,Hidalgo County,26.343607,-98.256435,inside,10,0.454,0.763,0.169,2.645,1.119,0.33,0.71,14.43,12.73,7.91,
,,Rio Grande Valley,Weslaco,2931 E. Sugar Cane Dr,Weslaco,Texas,78599,Hidalgo County,26.184735,-97.98396,intersect,15,0.04,0.026,0.011,0.067,0.038,0.48,0.85,12.11,11.88,6.68,
,,Rio Grande Valley,Weslaco,2931 E. Sugar Cane Dr,Weslaco,Texas,78599,Hidalgo County,26.184735,-97.98396,intersect,10,0.082,0.049,0.02,0.125,0.07,0.48,0.85,12.11,11.88,6.68,
,,Rio Grande Valley,Weslaco,2931 E. Sugar Cane Dr,Weslaco,Texas,78599,Hidalgo County,26.184735,-97.98396,inside,15,0.072,0.08,0.029,0.186,0.11,0.48,0.85,12.11,11.88,6.68,
,,Rio Grande Valley,Weslaco,2931 E. Sugar Cane Dr,Weslaco,Texas,78599,Hidalgo County,26.184735,-97.98396,inside,10,0.285,0.229,0.096,0.551,0.333,0.48,0.85,12.11,11.88,6.68,
,,Rio Grande Valley,Weslaco Pike,1000 E. Pike Blvd.,Weslaco,Texas,78596,Hidalgo County,26.169897,-97.980931,intersect,15,0.035,0.023,0.009,0.06,0.034,0.59,0.9,12.19,11.45,4.99,
,,Rio Grande Valley,Weslaco Pike,1000 E. Pike Blvd.,Weslaco,Texas,78596,Hidalgo County,26.169897,-97.980931,intersect,10,0.054,0.033,0.013,0.094,0.05,0.59,0.9,12.19,11.45,4.99,
,,Rio Grande Valley,Weslaco Pike,1000 E. Pike Blvd.,Weslaco,Texas,78596,Hidalgo County,26.169897,-97.980931,inside,15,0.054,0.061,0.022,0.166,0.092,0.59,0.9,12.19,11.45,4.99,
,,Rio Grande Valley,Weslaco Pike,1000 E. Pike Blvd.,Weslaco,Texas,78596,Hidalgo County,26.169897,-97.980931,inside,10,0.156,0.171,0.091,0.446,0.278,0.59,0.9,12.19,11.45,4.99,
,,San Antonio,Brackenridge,5555 Old Pearsall Rd,San Antonio,Texas,78242,Bexar County,29.353453,-98.606819,intersect,15,0.029,0.02,0.007,0.063,0.029,0.62,0.8,10.87,8.65,7,
,,San Antonio,Brackenridge,5555 Old Pearsall Rd,San Antonio,Texas,78242,Bexar County,29.353453,-98.606819,intersect,10,0.092,0.068,0.022,0.172,0.079,0.62,0.8,10.87,8.65,7,
,,San Antonio,Brackenridge,5555 Old Pearsall Rd,San Antonio,Texas,78242,Bexar County,29.353453,-98.606819,inside,15,0.087,0.101,0.034,0.252,0.126,0.62,0.8,10.87,8.65,7,
,,San Antonio,Brackenridge,5555 Old Pearsall Rd,San Antonio,Texas,78242,Bexar County,29.353453,-98.606819,inside,10,0.328,0.791,0.269,2.874,1.265,0.62,0.8,10.87,8.65,7,
,,San Antonio,Burke,10434 Marbach Rd,San Antonio,Texas,78245,Bexar County,29.413707,-98.697531,intersect,15,0.017,0.014,0.004,0.077,0.029,0.77,0.95,10.23,8.62,6.1,
,,San Antonio,Burke,10434 Marbach Rd,San Antonio,Texas,78245,Bexar County,29.413707,-98.697531,intersect,10,0.036,0.027,0.009,0.201,0.064,0.77,0.95,10.23,8.62,6.1,
,,San Antonio,Burke,10434 Marbach Rd,San Antonio,Texas,78245,Bexar County,29.413707,-98.697531,inside,15,0.035,0.043,0.015,0.314,0.098,0.77,0.95,10.23,8.62,6.1,
,,San Antonio,Burke,10434 Marbach Rd,San Antonio,Texas,78245,Bexar County,29.413707,-98.697531,inside,10,0.08,0.088,0.034,0.718,0.225,0.77,0.95,10.23,8.62,6.1,
,,San Antonio,Carver,217 Robinson Pl,San Antonio,Texas,78202,Bexar County,29.421389,-98.472527,intersect,15,0.013,0.008,0.004,0.027,0.015,0.55,0.85,12.47,11.56,7.08,
,,San Antonio,Carver,217 Robinson Pl,San Antonio,Texas,78202,Bexar County,29.421389,-98.472527,intersect,10,0.045,0.025,0.01,0.078,0.044,0.55,0.85,12.47,11.56,7.08,
,,San Antonio,Carver,217 Robinson Pl,San Antonio,Texas,78202,Bexar County,29.421389,-98.472527,inside,15,0.022,0.018,0.007,0.05,0.028,0.55,0.85,12.47,11.56,7.08,
,,San Antonio,Carver,217 Robinson Pl,San Antonio,Texas,78202,Bexar County,29.421389,-98.472527,inside,10,0.148,0.131,0.068,0.346,0.203,0.55,0.85,12.47,11.56,7.08,
,,San Antonio,Converse,5490 FM 1516 N,Converse,Texas,78109,Bexar County,29.47767,-98.312154,intersect,15,0.027,0.017,0.008,0.082,0.038,0.27,0.85,12.18,10.38,7.32,
,,San Antonio,Converse,5490 FM 1516 N,Converse,Texas,78109,Bexar County,29.47767,-98.312154,intersect,10,0.057,0.039,0.015,0.255,0.101,0.27,0.85,12.18,10.38,7.32,
,,San Antonio,Converse,5490 FM 1516 N,Converse,Texas,78109,Bexar County,29.47767,-98.312154,inside,15,0.048,0.038,0.016,0.215,0.092,0.27,0.85,12.18,10.38,7.32,
,,San Antonio,Converse,5490 FM 1516 N,Converse,Texas,78109,Bexar County,29.47767,-98.312154,inside,10,0.138,0.17,0.084,1.816,0.629,0.27,0.85,12.18,10.38,7.32,
,,San Antonio,Eastside,2519 Martin Luther King Dr,San Antonio,Texas,78203,Bexar County,29.41511,-98.444124,intersect,15,0.018,0.011,0.004,0.036,0.019,0.85,0.95,4.7,8.95,5.78,
,,San Antonio,Eastside,2519 Martin Luther King Dr,San Antonio,Texas,78203,Bexar County,29.41511,-98.444124,intersect,10,0.06,0.035,0.014,0.108,0.056,0.85,0.95,4.7,8.95,5.78,
,,San Antonio,Eastside,2519 Martin Luther King Dr,San Antonio,Texas,78203,Bexar County,29.41511,-98.444124,inside,15,0.044,0.044,0.017,0.135,0.071,0.85,0.95,4.7,8.95,5.78,
,,San Antonio,Eastside,2519 Martin Luther King Dr,San Antonio,Texas,78203,Bexar County,29.41511,-98.444124,inside,10,0.164,0.14,0.077,0.381,0.22,0.85,0.95,4.7,8.95,5.78,
,,San Antonio,Ewing Halsell,2523 W ANSLEY BLVD,San Antonio,Texas,78224,Bexar County,29.344048,-98.54001,intersect,15,0.016,0.013,0.004,0.03,0.016,0.7,0.88,10.55,8.26,7.25,
,,San Antonio,Ewing Halsell,2523 W ANSLEY BLVD,San Antonio,Texas,78224,Bexar County,29.344048,-98.54001,intersect,10,0.04,0.032,0.011,0.069,0.039,0.7,0.88,10.55,8.26,7.25,
,,San Antonio,Ewing Halsell,2523 W ANSLEY BLVD,San Antonio,Texas,78224,Bexar County,29.344048,-98.54001,inside,15,0.024,0.025,0.008,0.053,0.029,0.7,0.88,10.55,8.26,7.25,
,,San Antonio,Ewing Halsell,2523 W ANSLEY BLVD,San Antonio,Texas,78224,Bexar County,29.344048,-98.54001,inside,10,0.099,0.14,0.043,0.342,0.181,0.7,0.88,10.55,8.26,7.25,
,,San Antonio,Hidden Meadow,10138 Culebra Rd,San Antonio,Texas,78250,Bexar County,29.489257,-98.687229,intersect,15,0.016,0.013,0.004,0.085,0.029,0.48,0.84,12.25,11.08,6.34,
,,San Antonio,Hidden Meadow,10138 Culebra Rd,San Antonio,Texas,78250,Bexar County,29.489257,-98.687229,intersect,10,0.032,0.023,0.007,0.246,0.069,0.48,0.84,12.25,11.08,6.34,
,,San Antonio,Hidden Meadow,10138 Culebra Rd,San Antonio,Texas,78250,Bexar County,29.489257,-98.687229,inside,15,0.029,0.03,0.009,0.272,0.077,0.48,0.84,12.25,11.08,6.34,
,,San Antonio,Hidden Meadow,10138 Culebra Rd,San Antonio,Texas,78250,Bexar County,29.489257,-98.687229,inside,10,0.105,0.127,0.046,1.448,0.29,0.48,0.84,12.25,11.08,6.34,
,,San Antonio,Ingram Hills,3115 Majestic Dr,San Antonio,Texas,78228,Bexar County,29.467771,-98.595411,intersect,15,0.015,0.01,0.004,0.035,0.017,0.5,0.87,10.35,9.43,6.23,
,,San Antonio,Ingram Hills,3115 Majestic Dr,San Antonio,Texas,78228,Bexar County,29.467771,-98.595411,intersect,10,0.056,0.034,0.014,0.11,0.051,0.5,0.87,10.35,9.43,6.23,
,,San Antonio,Ingram Hills,3115 Majestic Dr,San Antonio,Texas,78228,Bexar County,29.467771,-98.595411,inside,15,0.028,0.026,0.01,0.078,0.036,0.5,0.87,10.35,9.43,6.23,
,,San Antonio,Ingram Hills,3115 Majestic Dr,San Antonio,Texas,78228,Bexar County,29.467771,-98.595411,inside,10,0.13,0.171,0.075,0.451,0.2,0.5,0.87,10.35,9.43,6.23,
,,San Antonio,Judson,13427 Judson Rd.,San Antonio,Texas,78233,Bexar County,29.562258,-98.3629,intersect,15,0.019,0.011,0.005,0.069,0.031,0.69,0.72,11.22,9.83,7.1,
,,San Antonio,Judson,13427 Judson Rd.,San Antonio,Texas,78233,Bexar County,29.562258,-98.3629,intersect,10,0.043,0.023,0.011,0.154,0.063,0.69,0.72,11.22,9.83,7.1,
,,San Antonio,Judson,13427 Judson Rd.,San Antonio,Texas,78233,Bexar County,29.562258,-98.3629,inside,15,0.035,0.026,0.012,0.176,0.068,0.69,0.72,11.22,9.83,7.1,
,,San Antonio,Judson,13427 Judson Rd.,San Antonio,Texas,78233,Bexar County,29.562258,-98.3629,inside,10,0.088,0.08,0.039,0.668,0.219,0.69,0.72,11.22,9.83,7.1,
,,San Antonio,Mays,1210 Horal Rd.,San Antonio,Texas,78227,Bexar County,29.423336,-98.653308,intersect,15,0.014,0.01,0.004,0.037,0.017,0.7,0.99,9.72,8.97,6.17,
,,San Antonio,Mays,1210 Horal Rd.,San Antonio,Texas,78227,Bexar County,29.423336,-98.653308,intersect,10,0.03,0.022,0.008,0.091,0.037,0.7,0.99,9.72,8.97,6.17,
,,San Antonio,Mays,1210 Horal Rd.,San Antonio,Texas,78227,Bexar County,29.423336,-98.653308,inside,15,0.025,0.027,0.01,0.096,0.041,0.7,0.99,9.72,8.97,6.17,
,,San Antonio,Mays,1210 Horal Rd.,San Antonio,Texas,78227,Bexar County,29.423336,-98.653308,inside,10,0.071,0.08,0.032,0.368,0.137,0.7,0.99,9.72,8.97,6.17,
,,San Antonio,Monterrey Park,222 SW 39th St.,San Antonio,Texas,78237,Bexar County,29.430755,-98.578936,intersect,15,0.017,0.012,0.004,0.036,0.018,0.6,0.99,10.35,8.77,6.45,
,,San Antonio,Monterrey Park,222 SW 39th St.,San Antonio,Texas,78237,Bexar County,29.430755,-98.578936,intersect,10,0.052,0.032,0.012,0.075,0.04,0.6,0.99,10.35,8.77,6.45,
,,San Antonio,Monterrey Park,222 SW 39th St.,San Antonio,Texas,78237,Bexar County,29.430755,-98.578936,inside,15,0.03,0.031,0.011,0.068,0.038,0.6,0.99,10.35,8.77,6.45,
,,San Antonio,Monterrey Park,222 SW 39th St.,San Antonio,Texas,78237,Bexar County,29.430755,-98.578936,inside,10,0.099,0.109,0.054,0.229,0.136,0.6,0.99,10.35,8.77,6.45,
,,San Antonio,Najim,926 S WW WHITE RD,San Antonio,Texas,78220,Bexar County,29.415567,-98.405013,intersect,15,0.017,0.01,0.004,0.037,0.019,0.8,0.93,9.16,7.42,6.32,
,,San Antonio,Najim,926 S WW WHITE RD,San Antonio,Texas,78220,Bexar County,29.415567,-98.405013,intersect,10,0.045,0.025,0.01,0.089,0.045,0.8,0.93,9.16,7.42,6.32,
,,San Antonio,Najim,926 S WW WHITE RD,San Antonio,Texas,78220,Bexar County,29.415567,-98.405013,inside,15,0.035,0.032,0.013,0.1,0.053,0.8,0.93,9.16,7.42,6.32,
,,San Antonio,Najim,926 S WW WHITE RD,San Antonio,Texas,78220,Bexar County,29.415567,-98.405013,inside,10,0.144,0.144,0.059,0.374,0.211,0.8,0.93,9.16,7.42,6.32,
,,San Antonio,Robinson,10170 Kriewald,San Antonio,Texas,78245,Bexar County,29.388647,-98.689802,intersect,15,0.02,0.015,0.005,0.067,0.028,0.54,0.88,9.57,9.47,6.43,
,,San Antonio,Robinson,10170 Kriewald,San Antonio,Texas,78245,Bexar County,29.388647,-98.689802,intersect,10,0.052,0.034,0.013,0.223,0.075,0.54,0.88,9.57,9.47,6.43,
,,San Antonio,Robinson,10170 Kriewald,San Antonio,Texas,78245,Bexar County,29.388647,-98.689802,inside,15,0.049,0.057,0.022,0.35,0.121,0.54,0.88,9.57,9.47,6.43,
,,San Antonio,Robinson,10170 Kriewald,San Antonio,Texas,78245,Bexar County,29.388647,-98.689802,inside,10,0.21,0.17,0.087,1.018,0.457,0.54,0.88,9.57,9.47,6.43,
,,San Antonio,South Flores,6919 S Flores ST,San Antonio,Texas,78221,Bexar County,29.350499,-98.48875,intersect,15,0.021,0.018,0.005,0.039,0.021,0.54,0.79,10.36,8.62,6.63,
,,San Antonio,South Flores,6919 S Flores ST,San Antonio,Texas,78221,Bexar County,29.350499,-98.48875,intersect,15,0.048,0.04,0.012,0.095,0.05,0.54,0.79,10.36,8.62,6.63,
,,San Antonio,South Flores,6919 S Flores ST,San Antonio,Texas,78221,Bexar County,29.350499,-98.48875,inside,15,0.038,0.041,0.013,0.111,0.055,0.54,0.79,10.36,8.62,6.63,
,,San Antonio,South Flores,6919 S Flores ST,San Antonio,Texas,78221,Bexar County,29.350499,-98.48875,inside,15,0.118,0.178,0.044,0.395,0.199,0.54,0.79,10.36,8.62,6.63,
,,San Antonio,Walzem,6445 Walzem Rd.,San Antonio,Texas,78239,Bexar County,29.50474,-98.361469,intersect,15,0.023,0.015,0.007,0.086,0.037,0.83,0.83,9.62,8.63,6.3,
,,San Antonio,Walzem,6445 Walzem Rd.,San Antonio,Texas,78239,Bexar County,29.50474,-98.361469,intersect,10,0.047,0.029,0.012,0.15,0.065,0.83,0.83,9.62,8.63,6.3,
,,San Antonio,Walzem,6445 Walzem Rd.,San Antonio,Texas,78239,Bexar County,29.50474,-98.361469,inside,15,0.039,0.031,0.014,0.194,0.079,0.83,0.83,9.62,8.63,6.3,
,,San Antonio,Walzem,6445 Walzem Rd.,San Antonio,Texas,78239,Bexar County,29.50474,-98.361469,inside,10,0.117,0.113,0.049,0.744,0.336,0.83,0.83,9.62,8.63,6.3,
,,Southern Louisiana,Bridge,1500 N AIRWAY DRIVE,Baton Rouge,Louisiana,70815,East Baton Rouge Parish,30.4631145,-91.0998169,intersect,15,0.033,0.021,0.011,0.084,0.047,0.52,0.89,10.8,10.05,4.1,
,,Southern Louisiana,Bridge,1500 N AIRWAY DRIVE,Baton Rouge,Louisiana,70815,East Baton Rouge Parish,30.4631145,-91.0998169,intersect,10,0.059,0.034,0.018,0.129,0.071,0.52,0.89,10.8,10.05,4.1,
,,Southern Louisiana,Bridge,1500 N AIRWAY DRIVE,Baton Rouge,Louisiana,70815,East Baton Rouge Parish,30.4631145,-91.0998169,inside,15,0.049,0.038,0.02,0.132,0.074,0.52,0.89,10.8,10.05,4.1,
,,Southern Louisiana,Bridge,1500 N AIRWAY DRIVE,Baton Rouge,Louisiana,70815,East Baton Rouge Parish,30.4631145,-91.0998169,inside,10,0.154,0.134,0.09,0.405,0.248,0.52,0.89,10.8,10.05,4.1,
,,Southern Louisiana,Innovation,7800 INNOVATION DRIVE,Baton Rouge,Louisiana,70820,East Baton Rouge Parish,30.3608671,-91.1438036,intersect,15,0.098,0.067,0.032,0.556,0.266,0.56,0.67,11.53,8.42,8.37,
,,Southern Louisiana,Innovation,7800 INNOVATION DRIVE,Baton Rouge,Louisiana,70820,East Baton Rouge Parish,30.3608671,-91.1438036,intersect,10,0.15,0.114,0.046,0.685,0.336,0.56,0.67,11.53,8.42,8.37,
,,Southern Louisiana,Innovation,7800 INNOVATION DRIVE,Baton Rouge,Louisiana,70820,East Baton Rouge Parish,30.3608671,-91.1438036,inside,15,0.188,0.195,0.069,1.032,0.57,0.56,0.67,11.53,8.42,8.37,
,,Southern Louisiana,Innovation,7800 INNOVATION DRIVE,Baton Rouge,Louisiana,70820,East Baton Rouge Parish,30.3608671,-91.1438036,inside,10,0.528,0.533,0.206,1.487,1.14,0.56,0.67,11.53,8.42,8.37,
,,Southern Louisiana,University Prep,7701 PLANK RD,Baton Rouge,Louisiana,70811,East Baton Rouge Parish,30.5197796,-91.1493773,intersect,15,0.052,0.031,0.017,0.098,0.06,0.75,0.88,9.46,7.95,5.17,
,,Southern Louisiana,University Prep,7701 PLANK RD,Baton Rouge,Louisiana,70811,East Baton Rouge Parish,30.5197796,-91.1493773,intersect,10,0.091,0.053,0.028,0.134,0.086,0.75,0.88,9.46,7.95,5.17,
,,Southern Louisiana,University Prep,7701 PLANK RD,Baton Rouge,Louisiana,70811,East Baton Rouge Parish,30.5197796,-91.1493773,inside,15,0.086,0.068,0.038,0.163,0.106,0.75,0.88,9.46,7.95,5.17,
,,Southern Louisiana,University Prep,7701 PLANK RD,Baton Rouge,Louisiana,70811,East Baton Rouge Parish,30.5197796,-91.1493773,inside,10,0.192,0.147,0.082,0.281,0.206,0.75,0.88,9.46,7.95,5.17,
,,Tampa,Camden Field,9445 Camden Field Pkwy,Riverview,Florida,33578,Hillsborough County,27.90928,-82.35081,intersect,15,0.029,0.018,0.008,0.116,0.045,,,,,,
,,Tampa,Camden Field,9445 Camden Field Pkwy,Riverview,Florida,33578,Hillsborough County,27.90928,-82.35081,intersect,10,0.063,0.038,0.016,0.258,0.092,,,,,,
,,Tampa,Camden Field,9445 Camden Field Pkwy,Riverview,Florida,33578,Hillsborough County,27.90928,-82.35081,inside,6.2,0.062,0.055,0.023,0.324,0.114,,,,,,
,,Tampa,Camden Field,9445 Camden Field Pkwy,Riverview,Florida,33578,Hillsborough County,27.90928,-82.35081,inside,15.6,0.156,0.261,0.128,1.021,0.46,,,,,,
,,Tampa,Hope,5050 E 10th Ave,Tampa,Florida,33619,Hillsborough County,27.96412,-82.39956,intersect,15,0.021,0.013,0.006,0.058,0.027,0.48,0.82,11.74,11.13,5.01,
,,Tampa,Hope,5050 E 10th Ave,Tampa,Florida,33619,Hillsborough County,27.96412,-82.39956,intersect,10,0.061,0.034,0.015,0.125,0.059,0.48,0.82,11.74,11.13,5.01,
,,Tampa,Hope,5050 E 10th Ave,Tampa,Florida,33619,Hillsborough County,27.96412,-82.39956,inside,15,0.041,0.033,0.016,0.13,0.062,0.48,0.82,11.74,11.13,5.01,
,,Tampa,Hope,5050 E 10th Ave,Tampa,Florida,33619,Hillsborough County,27.96412,-82.39956,inside,10,0.149,0.139,0.064,0.412,0.224,0.48,0.82,11.74,11.13,5.01,
,,Tampa,Ignite,9801 Skewlee Rd,Thonotosassa,Florida,33592,Hillsborough County,28.050488,-82.316973,intersect,15,0.041,0.027,0.012,0.116,0.052,,,,,,
,,Tampa,Ignite,9801 Skewlee Rd,Thonotosassa,Florida,33592,Hillsborough County,28.050488,-82.316973,intersect,10,0.096,0.058,0.025,0.272,0.112,,,,,,
,,Tampa,Ignite,9801 Skewlee Rd,Thonotosassa,Florida,33592,Hillsborough County,28.050488,-82.316973,inside,15,0.09,0.102,0.039,0.387,0.174,,,,,,
,,Tampa,Ignite,9801 Skewlee Rd,Thonotosassa,Florida,33592,Hillsborough County,28.050488,-82.316973,inside,10,0.843,1.766,0.678,5,2.094,,,,,,
,,Tampa,Lakeland,1775 Interstate Dr,Lakeland,Florida,33805,Polk County,28.0685,-81.979,intersect,15,0.04,0.043,0.011,0.137,0.062,,,,,,
,,Tampa,Lakeland,1775 Interstate Dr,Lakeland,Florida,33805,Polk County,28.0685,-81.979,intersect,10,0.083,0.093,0.025,0.219,0.105,,,,,,
,,Tampa,Lakeland,1775 Interstate Dr,Lakeland,Florida,33805,Polk County,28.0685,-81.979,intersect,15,0.079,0.113,0.029,0.258,0.125,,,,,,
,,Tampa,Lakeland,1775 Interstate Dr,Lakeland,Florida,33805,Polk County,28.0685,-81.979,intersect,10,0.204,0.292,0.098,0.54,0.287,,,,,,
,,Tampa,Reynolds,811 Reynolds Rd,Lakeland,Florida,33801,Polk County,28.03443,-81.891837,intersect,15,0.043,0.051,0.012,0.139,0.062,,,,,,
,,Tampa,Reynolds,811 Reynolds Rd,Lakeland,Florida,33801,Polk County,28.03443,-81.891837,intersect,10,0.129,0.114,0.031,0.301,0.147,,,,,,
,,Tampa,Reynolds,811 Reynolds Rd,Lakeland,Florida,33801,Polk County,28.03443,-81.891837,inside,15,0.106,0.169,0.043,0.449,0.217,,,,,,
,,Tampa,Reynolds,811 Reynolds Rd,Lakeland,Florida,33801,Polk County,28.03443,-81.891837,inside,10,0.402,0.406,0.154,0.774,0.502,,,,,,
,,Tampa,Victory,11612 N NEBRASKA AVE,Tampa,Florida,33612,Hillsborough County,28.0535153,-82.4534422,intersect,15,0.023,0.016,0.007,0.061,0.029,0.7,0.88,9.04,7.72,4.29,
,,Tampa,Victory,11612 N NEBRASKA AVE,Tampa,Florida,33612,Hillsborough County,28.0535153,-82.4534422,intersect,10,0.051,0.031,0.015,0.109,0.056,0.7,0.88,9.04,7.72,4.29,
,,Tampa,Victory,11612 N NEBRASKA AVE,Tampa,Florida,33612,Hillsborough County,28.0535153,-82.4534422,inside,15,0.039,0.031,0.014,0.098,0.05,0.7,0.88,9.04,7.72,4.29,
,,Tampa,Victory,11612 N NEBRASKA AVE,Tampa,Florida,33612,Hillsborough County,28.0535153,-82.4534422,inside,10,0.094,0.08,0.033,0.212,0.112,0.7,0.88,9.04,7.72,4.29,
,,Tarrant County,Achieve,1900 Thomas Road,HALTOM CITY,Texas,76117,Tarrant County,32.79013,-97.26259,intersect,15,0.017,0.011,0.005,0.049,0.021,0.34,0.65,12.15,12.5,5.95,
,,Tarrant County,Achieve,1900 Thomas Road,HALTOM CITY,Texas,76117,Tarrant County,32.79013,-97.26259,intersect,10,0.065,0.038,0.014,0.144,0.064,0.34,0.65,12.15,12.5,5.95,
,,Tarrant County,Achieve,1900 Thomas Road,HALTOM CITY,Texas,76117,Tarrant County,32.79013,-97.26259,inside,15,0.039,0.04,0.015,0.153,0.066,0.34,0.65,12.15,12.5,5.95,
,,Tarrant County,Achieve,1900 Thomas Road,HALTOM CITY,Texas,76117,Tarrant County,32.79013,-97.26259,inside,10,0.153,0.193,0.069,0.851,0.3,0.34,0.65,12.15,12.5,5.95,
,,Tarrant County,Burleson,1268 NW RENFRO,BURLESON,Texas,76028,Tarrant County,32.5648962,-97.3510043,intersect,15,0.03,0.019,0.007,0.074,0.03,,,,,,
,,Tarrant County,Burleson,1268 NW RENFRO,BURLESON,Texas,76028,Tarrant County,32.5648962,-97.3510043,intersect,10,0.069,0.04,0.015,0.141,0.059,,,,,,
,,Tarrant County,Burleson,1268 NW RENFRO,BURLESON,Texas,76028,Tarrant County,32.5648962,-97.3510043,inside,15,0.055,0.045,0.017,0.181,0.079,,,,,,
,,Tarrant County,Burleson,1268 NW RENFRO,BURLESON,Texas,76028,Tarrant County,32.5648962,-97.3510043,inside,10,0.193,0.186,0.071,0.518,0.272,,,,,,
,,Tarrant County,Edgecliff ,1640 ALTAMESA BLVD,FORT WORTH,Texas,76134,Tarrant County,32.64811,-97.34215,intersect,15,0.015,0.011,0.004,0.048,0.02,0.76,0.92,8.52,7.33,5.14,
,,Tarrant County,Edgecliff ,1640 ALTAMESA BLVD,FORT WORTH,Texas,76134,Tarrant County,32.64811,-97.34215,intersect,10,0.03,0.02,0.009,0.093,0.038,0.76,0.92,8.52,7.33,5.14,
,,Tarrant County,Edgecliff ,1640 ALTAMESA BLVD,FORT WORTH,Texas,76134,Tarrant County,32.64811,-97.34215,inside,15,0.024,0.021,0.01,0.092,0.041,0.76,0.92,8.52,7.33,5.14,
,,Tarrant County,Edgecliff ,1640 ALTAMESA BLVD,FORT WORTH,Texas,76134,Tarrant County,32.64811,-97.34215,inside,10,0.073,0.06,0.031,0.269,0.108,0.76,0.92,8.52,7.33,5.14,
,,Tarrant County,Jim Wright,NW LOOP 820,FORT WORTH,Texas,76135,Tarrant County,32.8129178,-97.4179662,intersect,15,0.019,0.012,0.005,0.074,0.03,,,,,,
,,Tarrant County,Jim Wright,NW LOOP 820,FORT WORTH,Texas,76135,Tarrant County,32.8129178,-97.4179662,intersect,10,0.044,0.024,0.011,0.141,0.059,,,,,,
,,Tarrant County,Jim Wright,NW LOOP 820,FORT WORTH,Texas,76135,Tarrant County,32.8129178,-97.4179662,inside,15,0.039,0.035,0.017,0.181,0.079,,,,,,
,,Tarrant County,Jim Wright,NW LOOP 820,FORT WORTH,Texas,76135,Tarrant County,32.8129178,-97.4179662,inside,10,0.118,0.102,0.062,0.518,0.272,,,,,,
,,Tarrant County,Rise,3000 S. Cherry Lane,FORT WORTH,Texas,76116,Tarrant County,32.73166,-97.45087,intersect,15,0.02,0.012,0.005,0.055,0.024,0.75,0.87,9.14,7.03,6.95,
,,Tarrant County,Rise,3000 S. Cherry Lane,FORT WORTH,Texas,76116,Tarrant County,32.73166,-97.45087,intersect,10,0.055,0.033,0.013,0.18,0.077,0.75,0.87,9.14,7.03,6.95,
,,Tarrant County,Rise,3000 S. Cherry Lane,FORT WORTH,Texas,76116,Tarrant County,32.73166,-97.45087,inside,15,0.036,0.032,0.013,0.136,0.062,0.75,0.87,9.14,7.03,6.95,
,,Tarrant County,Rise,3000 S. Cherry Lane,FORT WORTH,Texas,76116,Tarrant County,32.73166,-97.45087,inside,10,0.103,0.105,0.044,0.375,0.184,0.75,0.87,9.14,7.03,6.95,
,,Tarrant County,Southeast,2935 E SEMINARY DR,FORT WORTH,Texas,76119,Tarrant County,32.68495,-97.28093,intersect,15,0.018,0.013,0.006,0.052,0.022,0.7,0.88,9.24,8.17,4.91,
,,Tarrant County,Southeast,2935 E SEMINARY DR,FORT WORTH,Texas,76119,Tarrant County,32.68495,-97.28093,intersect,10,0.045,0.03,0.014,0.103,0.046,0.7,0.88,9.24,8.17,4.91,
,,Tarrant County,Southeast,2935 E SEMINARY DR,FORT WORTH,Texas,76119,Tarrant County,32.68495,-97.28093,inside,15,0.034,0.031,0.014,0.097,0.046,0.7,0.88,9.24,8.17,4.91,
,,Tarrant County,Southeast,2935 E SEMINARY DR,FORT WORTH,Texas,76119,Tarrant County,32.68495,-97.28093,inside,10,0.138,0.111,0.057,0.353,0.175,0.7,0.88,9.24,8.17,4.91,
